{
  "center_px": [
    220.17436479772888,
    216.4266430092264
  ],
  "r_add_px": 157.09388933515268,
  "r_ded_px": 141.1400715616465,
  "r_pitch_px": 149.1169804483996,
  "r_hole_px": null,
  "teeth_estimate": 11,
  "module_px": 27.11217826334538,
  "circular_pitch_px": 85.17542005494272
}