{
  "center_px": [
    235.28886050119036,
    238.38440354035154
  ],
  "r_add_px": 202.54628275196242,
  "r_ded_px": 187.68184245880406,
  "r_pitch_px": 195.11406260538325,
  "r_hole_px": null,
  "teeth_estimate": 8,
  "module_px": 48.77851565134581,
  "circular_pitch_px": 153.24222642328274
}