{
  "center_px": [
    165.08006764992686,
    171.81615675280352
  ],
  "r_add_px": 150.02734588040354,
  "r_ded_px": 136.9675505624937,
  "r_pitch_px": 143.49744822144862,
  "r_hole_px": null,
  "teeth_estimate": 35,
  "module_px": 8.199854184082778,
  "circular_pitch_px": 25.76060166522198,
  "debug": {
    "threshold": {
      "center_mean": 111.035,
      "center_std": 48.08861312722586,
      "border_mean": 252.6063337956542,
      "border_std": 11.494459501055283,
      "intensity_gap": 141.5713337956542,
      "invert": true,
      "method_used": "Manual (thresh=181)"
    },
    "tooth_meta": {
      "primary": {
        "method": "conservative_regular",
        "cons_count": 35,
        "lib_count": 6,
        "noise_level": 0.33052485410004123,
        "window_length": 35,
        "prominence": 2.1208702950755365
      },
      "fft": {
        "peak_freq": 5.570423008216337
      }
    }
  },
  "r_add_mm": 150.02734588040354,
  "r_ded_mm": 136.9675505624937,
  "r_pitch_mm": 143.49744822144862,
  "r_hole_mm": null,
  "module_mm": 8.199854184082778,
  "circular_pitch_mm": 25.76060166522198
}