{
  "center_px": [
    1008.8717404734336,
    1046.0215495290201
  ],
  "r_add_px": 774.5012054073607,
  "r_ded_px": 662.3182839006296,
  "r_pitch_px": 718.4097446539952,
  "r_hole_px": null,
  "teeth_estimate": 30,
  "module_px": 47.89398297693301,
  "circular_pitch_px": 150.46338507148735,
  "debug": {
    "threshold": {
      "center_mean": 255.0,
      "center_std": 0.0,
      "border_mean": 255.0,
      "border_std": 0.0,
      "intensity_gap": 0.0,
      "invert": false,
      "method_used": "Otsu"
    },
    "tooth_meta": {
      "primary": {
        "method": "conservative_regular",
        "cons_count": 30,
        "lib_count": 10,
        "noise_level": 0.38055554680408354,
        "window_length": 35,
        "prominence": 16.722959140913815
      },
      "fft": {
        "peak_freq": 14.32394487827058
      }
    }
  },
  "r_add_mm": null,
  "r_ded_mm": null,
  "r_pitch_mm": null,
  "r_hole_mm": null,
  "module_mm": null,
  "circular_pitch_mm": null
}