{
  "center_px": [
    235.29895652173914,
    238.35325879917184
  ],
  "r_add_px": 201.99546085517954,
  "r_ded_px": 188.1013947626735,
  "r_pitch_px": 195.04842780892653,
  "r_hole_px": null,
  "teeth_estimate": 50,
  "module_px": 7.801937112357061,
  "circular_pitch_px": 24.510508315950506,
  "debug": {
    "threshold": {
      "center_mean": 233.22921875,
      "center_std": 51.449117363805655,
      "border_mean": 255.0,
      "border_std": 0.0,
      "intensity_gap": 21.77078125,
      "invert": true,
      "method_used": "Otsu"
    },
    "tooth_meta": {
      "primary": {
        "method": "conservative_regular",
        "cons_count": 50,
        "lib_count": 8,
        "noise_level": 0.35825448447710906,
        "window_length": 35,
        "prominence": 1.8795909058624094
      },
      "fft": {
        "peak_freq": 7.957747154594768
      }
    }
  },
  "r_add_mm": 201.99546085517954,
  "r_ded_mm": 188.1013947626735,
  "r_pitch_mm": 195.04842780892653,
  "r_hole_mm": null,
  "module_mm": 7.801937112357061,
  "circular_pitch_mm": 24.510508315950506
}