{
  "center_px": [
    1124.260944859752,
    1014.5720405567813
  ],
  "r_add_px": 818.8494433377749,
  "r_ded_px": 611.7519417020728,
  "r_pitch_px": 715.3006925199238,
  "r_hole_px": null,
  "teeth_estimate": 17,
  "module_px": 84.1530226494028,
  "circular_pitch_px": 264.3745177327393,
  "debug": {
    "threshold": {
      "center_mean": 255.0,
      "center_std": 0.0,
      "border_mean": 255.0,
      "border_std": 0.0,
      "intensity_gap": 0.0,
      "invert": false,
      "method_used": "Otsu"
    },
    "tooth_meta": {
      "primary": {
        "method": "fallback_closest",
        "cons_count": 17,
        "lib_count": 8,
        "noise_level": 0.21922304166900963,
        "window_length": 35,
        "prominence": 18.27348775537558
      },
      "fft": {
        "peak_freq": 6.207042780583919
      }
    }
  },
  "r_add_mm": null,
  "r_ded_mm": null,
  "r_pitch_mm": null,
  "r_hole_mm": null,
  "module_mm": null,
  "circular_pitch_mm": null
}