{
  "center_px": [
    1025.0866254052112,
    699.8939894959194
  ],
  "r_add_px": 494.9015008450359,
  "r_ded_px": 429.6053178410047,
  "r_pitch_px": 462.2534093430203,
  "r_hole_px": null,
  "teeth_estimate": 33,
  "module_px": 28.01535814200123,
  "circular_pitch_px": 88.01284332659806,
  "debug": {
    "threshold": {
      "method_used": "Direct White Mask",
      "invert": false
    },
    "tooth_meta": {
      "primary": {
        "method": "conservative_regular",
        "cons_count": 33,
        "lib_count": 10,
        "noise_level": 0.36772322369867494,
        "window_length": 35,
        "prominence": 9.68020177937539
      },
      "fft": {
        "peak_freq": 6.0478878374920235
      }
    }
  },
  "r_add_mm": null,
  "r_ded_mm": null,
  "r_pitch_mm": null,
  "r_hole_mm": null,
  "module_mm": null,
  "circular_pitch_mm": null
}